Datetime,Preliminary (ft),Predicted (ft)
2025-08-01 00:00:00+00:00,-0.013000000000000001,-0.0431
2025-08-01 01:00:00+00:00,0.024,-0.0422
2025-08-01 02:00:00+00:00,0.066,-0.0194
2025-08-01 03:00:00+00:00,0.149,0.0219
2025-08-01 04:00:00+00:00,0.22999999999999998,0.0796
2025-08-01 05:00:00+00:00,0.30300000000000005,0.1426
2025-08-01 06:00:00+00:00,0.352,0.192
2025-08-01 07:00:00+00:00,0.395,0.2212
2025-08-01 08:00:00+00:00,0.46799999999999997,0.24230000000000002
2025-08-01 09:00:00+00:00,0.495,0.2638
2025-08-01 10:00:00+00:00,0.529,0.2814
2025-08-01 11:00:00+00:00,0.542,0.2924
2025-08-01 12:00:00+00:00,0.5780000000000001,0.3021
2025-08-01 13:00:00+00:00,0.554,0.3114
2025-08-01 14:00:00+00:00,0.5509999999999999,0.312
2025-08-01 15:00:00+00:00,0.49800000000000005,0.3009
2025-08-01 16:00:00+00:00,0.462,0.2844
2025-08-01 17:00:00+00:00,0.41,0.26070000000000004
2025-08-01 18:00:00+00:00,0.322,0.2204
2025-08-01 19:00:00+00:00,0.233,0.1636
2025-08-01 20:00:00+00:00,0.174,0.10400000000000001
2025-08-01 21:00:00+00:00,0.092,0.049
2025-08-01 22:00:00+00:00,0.019,-0.006
2025-08-01 23:00:00+00:00,-0.05900000000000001,-0.0613
2025-08-02 00:00:00+00:00,-0.11499999999999999,-0.1041
2025-08-02 01:00:00+00:00,-0.145,-0.12309999999999999
2025-08-02 02:00:00+00:00,-0.165,-0.1167
2025-08-02 03:00:00+00:00,-0.11399999999999999,-0.0828
2025-08-02 04:00:00+00:00,-0.064,-0.0187
2025-08-02 05:00:00+00:00,0.025,0.0637
2025-08-02 06:00:00+00:00,0.10700000000000001,0.1406
2025-08-02 07:00:00+00:00,0.209,0.1992
2025-08-02 08:00:00+00:00,0.27999999999999997,0.24630000000000002
2025-08-02 09:00:00+00:00,0.337,0.28759999999999997
2025-08-02 10:00:00+00:00,0.366,0.3194
2025-08-02 11:00:00+00:00,0.40599999999999997,0.3405
2025-08-02 12:00:00+00:00,0.43899999999999995,0.3572
2025-08-02 13:00:00+00:00,0.454,0.3707
2025-08-02 14:00:00+00:00,0.47400000000000003,0.3724
2025-08-02 15:00:00+00:00,0.45199999999999996,0.3601
2025-08-02 16:00:00+00:00,0.40099999999999997,0.3403
2025-08-02 17:00:00+00:00,0.374,0.3125
2025-08-02 18:00:00+00:00,0.29700000000000004,0.26739999999999997
2025-08-02 19:00:00+00:00,0.22799999999999998,0.2052
2025-08-02 20:00:00+00:00,0.14300000000000002,0.139
2025-08-02 21:00:00+00:00,0.047,0.0762
2025-08-02 22:00:00+00:00,-0.014000000000000002,0.0114
2025-08-02 23:00:00+00:00,-0.093,-0.0571
2025-08-03 00:00:00+00:00,-0.16799999999999998,-0.1182
2025-08-03 01:00:00+00:00,-0.236,-0.1607
2025-08-03 02:00:00+00:00,-0.35,-0.1802
2025-08-03 03:00:00+00:00,-0.392,-0.1696
2025-08-03 04:00:00+00:00,-0.343,-0.1193
2025-08-03 05:00:00+00:00,-0.088,-0.0365
2025-08-03 06:00:00+00:00,-0.046,0.0541
2025-08-03 07:00:00+00:00,0.095,0.1357
2025-08-03 08:00:00+00:00,0.11400000000000002,0.2076
2025-08-03 09:00:00+00:00,0.252,0.27090000000000003
2025-08-03 10:00:00+00:00,0.298,0.3195
2025-08-03 11:00:00+00:00,0.35,0.35350000000000004
2025-08-03 12:00:00+00:00,0.40800000000000003,0.3819
2025-08-03 13:00:00+00:00,0.433,0.40650000000000003
2025-08-03 14:00:00+00:00,0.445,0.4192
2025-08-03 15:00:00+00:00,0.47000000000000003,0.417
2025-08-03 16:00:00+00:00,0.476,0.40549999999999997
2025-08-03 17:00:00+00:00,0.44000000000000006,0.38360000000000005
2025-08-03 18:00:00+00:00,0.394,0.34140000000000004
2025-08-03 19:00:00+00:00,0.316,0.2793
2025-08-03 20:00:00+00:00,0.25,0.21000000000000002
2025-08-03 21:00:00+00:00,0.16,0.14179999999999998
2025-08-03 22:00:00+00:00,0.051000000000000004,0.0689
2025-08-03 23:00:00+00:00,-0.053000000000000005,-0.011
2025-08-04 00:00:00+00:00,-0.142,-0.0881
2025-08-04 01:00:00+00:00,-0.178,-0.15389999999999998
2025-08-04 02:00:00+00:00,-0.262,-0.2036
2025-08-04 03:00:00+00:00,-0.244,-0.22600000000000003
2025-08-04 04:00:00+00:00,-0.22599999999999998,-0.2048
2025-08-04 05:00:00+00:00,-0.134,-0.1404
2025-08-04 06:00:00+00:00,-0.009,-0.0531
2025-08-04 07:00:00+00:00,0.10600000000000001,0.039400000000000004
2025-08-04 08:00:00+00:00,0.217,0.1312
2025-08-04 09:00:00+00:00,0.313,0.2165
2025-08-04 10:00:00+00:00,0.414,0.2851
2025-08-04 11:00:00+00:00,0.487,0.33530000000000004
2025-08-04 12:00:00+00:00,0.527,0.37770000000000004
2025-08-04 13:00:00+00:00,0.587,0.4168
2025-08-04 14:00:00+00:00,0.596,0.44560000000000005
2025-08-04 15:00:00+00:00,0.626,0.46110000000000007
2025-08-04 16:00:00+00:00,0.611,0.46720000000000006
2025-08-04 17:00:00+00:00,0.585,0.4614
2025-08-04 18:00:00+00:00,0.558,0.4325
2025-08-04 19:00:00+00:00,0.629,0.37829999999999997
2025-08-04 20:00:00+00:00,0.43899999999999995,0.3114
2025-08-04 21:00:00+00:00,0.373,0.24
2025-08-04 22:00:00+00:00,0.205,0.15960000000000002
2025-08-04 23:00:00+00:00,0.141,0.06939999999999999
2025-08-05 00:00:00+00:00,0.065,-0.022199999999999998
2025-08-05 01:00:00+00:00,-0.0009999999999999998,-0.1081
2025-08-05 02:00:00+00:00,-0.039,-0.1862
2025-08-05 03:00:00+00:00,-0.157,-0.24420000000000003
2025-08-05 04:00:00+00:00,-0.174,-0.2616
2025-08-05 05:00:00+00:00,-0.08,-0.23010000000000003
2025-08-05 06:00:00+00:00,0.042,-0.16240000000000002
2025-08-05 07:00:00+00:00,0.16699999999999998,-0.07339999999999999
2025-08-05 08:00:00+00:00,0.28300000000000003,0.028999999999999998
2025-08-05 09:00:00+00:00,0.394,0.13340000000000002
2025-08-05 10:00:00+00:00,0.514,0.2223
2025-08-05 11:00:00+00:00,0.625,0.29159999999999997
2025-08-05 12:00:00+00:00,0.655,0.3507
2025-08-05 13:00:00+00:00,0.716,0.40570000000000006
2025-08-05 14:00:00+00:00,0.748,0.4514
2025-08-05 15:00:00+00:00,0.82,0.4857
2025-08-05 16:00:00+00:00,0.8470000000000001,0.5131
2025-08-05 17:00:00+00:00,0.828,0.53
2025-08-05 18:00:00+00:00,0.774,0.5226
2025-08-05 19:00:00+00:00,0.754,0.48600000000000004
2025-08-05 20:00:00+00:00,0.653,0.43010000000000004
2025-08-05 21:00:00+00:00,0.545,0.3608
2025-08-05 22:00:00+00:00,0.43,0.2754
2025-08-05 23:00:00+00:00,0.32599999999999996,0.1754
2025-08-06 00:00:00+00:00,0.221,0.07089999999999999
2025-08-06 01:00:00+00:00,0.11700000000000002,-0.0318
2025-08-06 02:00:00+00:00,-0.012,-0.1329
2025-08-06 03:00:00+00:00,-0.10300000000000001,-0.2233
2025-08-06 04:00:00+00:00,-0.172,-0.2802
2025-08-06 05:00:00+00:00,-0.162,-0.2892
2025-08-06 06:00:00+00:00,-0.122,-0.2539
2025-08-06 07:00:00+00:00,-0.02,-0.1825
2025-08-06 08:00:00+00:00,0.098,-0.0806
2025-08-06 09:00:00+00:00,0.22600000000000003,0.035699999999999996
2025-08-06 10:00:00+00:00,0.348,0.1433
2025-08-06 11:00:00+00:00,0.45199999999999996,0.23159999999999997
2025-08-06 12:00:00+00:00,0.524,0.3082
2025-08-06 13:00:00+00:00,0.609,0.3789
2025-08-06 14:00:00+00:00,0.664,0.4404
2025-08-06 15:00:00+00:00,0.703,0.4911
2025-08-06 16:00:00+00:00,0.715,0.5372
2025-08-06 17:00:00+00:00,0.742,0.5753
2025-08-06 18:00:00+00:00,0.739,0.592
2025-08-06 19:00:00+00:00,0.706,0.5801
2025-08-06 20:00:00+00:00,0.675,0.5444
2025-08-06 21:00:00+00:00,0.599,0.4873
2025-08-06 22:00:00+00:00,0.516,0.40380000000000005
2025-08-06 23:00:00+00:00,0.395,0.29710000000000003
2025-08-07 00:00:00+00:00,0.277,0.1817
2025-08-07 01:00:00+00:00,0.17099999999999999,0.0661
2025-08-07 02:00:00+00:00,0.04,-0.0516
2025-08-07 03:00:00+00:00,-0.052000000000000005,-0.1653
2025-08-07 04:00:00+00:00,-0.121,-0.2551
2025-08-07 05:00:00+00:00,-0.192,-0.3043
2025-08-07 06:00:00+00:00,-0.195,-0.3082
2025-08-07 07:00:00+00:00,-0.11299999999999999,-0.2656
2025-08-07 08:00:00+00:00,-0.007000000000000001,-0.1765
2025-08-07 09:00:00+00:00,0.10600000000000001,-0.057999999999999996
2025-08-07 10:00:00+00:00,0.231,0.0618
2025-08-07 11:00:00+00:00,0.33999999999999997,0.1661
2025-08-07 12:00:00+00:00,0.45599999999999996,0.2582
2025-08-07 13:00:00+00:00,0.519,0.3428
2025-08-07 14:00:00+00:00,0.5640000000000001,0.417
2025-08-07 15:00:00+00:00,0.61,0.48
2025-08-07 16:00:00+00:00,0.629,0.5383
2025-08-07 17:00:00+00:00,0.638,0.5908
2025-08-07 18:00:00+00:00,0.632,0.6263
2025-08-07 19:00:00+00:00,0.608,0.6382
2025-08-07 20:00:00+00:00,0.575,0.6287
2025-08-07 21:00:00+00:00,0.501,0.5949
2025-08-07 22:00:00+00:00,0.40199999999999997,0.5254000000000001
2025-08-07 23:00:00+00:00,0.312,0.42190000000000005
2025-08-08 00:00:00+00:00,0.19,0.3014
2025-08-08 01:00:00+00:00,0.091,0.1774
2025-08-08 02:00:00+00:00,-0.030000000000000006,0.0504
2025-08-08 03:00:00+00:00,-0.135,-0.076
2025-08-08 04:00:00+00:00,-0.21600000000000003,-0.1867
2025-08-08 05:00:00+00:00,-0.279,-0.2673
2025-08-08 06:00:00+00:00,-0.302,-0.30920000000000003
2025-08-08 07:00:00+00:00,-0.28500000000000003,-0.3026
2025-08-08 08:00:00+00:00,-0.185,-0.23810000000000003
2025-08-08 09:00:00+00:00,-0.05700000000000001,-0.12869999999999998
2025-08-08 10:00:00+00:00,0.081,-0.005300000000000001
2025-08-08 11:00:00+00:00,0.20600000000000002,0.1086
2025-08-08 12:00:00+00:00,0.33399999999999996,0.21059999999999998
2025-08-08 13:00:00+00:00,0.41200000000000003,0.30419999999999997
2025-08-08 14:00:00+00:00,0.49000000000000005,0.3862
2025-08-08 15:00:00+00:00,0.563,0.45570000000000005
2025-08-08 16:00:00+00:00,0.617,0.5193000000000001
2025-08-08 17:00:00+00:00,0.667,0.577
2025-08-08 18:00:00+00:00,0.717,0.6204
2025-08-08 19:00:00+00:00,0.743,0.6475000000000001
2025-08-08 20:00:00+00:00,0.768,0.6618
2025-08-08 21:00:00+00:00,0.751,0.6572
2025-08-08 22:00:00+00:00,0.712,0.6152
2025-08-08 23:00:00+00:00,0.6,0.53
2025-08-09 00:00:00+00:00,0.499,0.4173
2025-08-09 01:00:00+00:00,0.368,0.29359999999999997
2025-08-09 02:00:00+00:00,0.254,0.1655
2025-08-09 03:00:00+00:00,0.14300000000000002,0.0366
2025-08-09 04:00:00+00:00,0.023,-0.0807
2025-08-09 05:00:00+00:00,-0.05700000000000001,-0.1783
2025-08-09 06:00:00+00:00,-0.101,-0.2494
2025-08-09 07:00:00+00:00,-0.126,-0.27830000000000005
2025-08-09 08:00:00+00:00,-0.091,-0.2465
2025-08-09 09:00:00+00:00,0.014000000000000002,-0.1578
2025-08-09 10:00:00+00:00,0.148,-0.0426
2025-08-09 11:00:00+00:00,0.273,0.0717
2025-08-09 12:00:00+00:00,0.392,0.1767
2025-08-09 13:00:00+00:00,0.496,0.2717
2025-08-09 14:00:00+00:00,0.576,0.35300000000000004
2025-08-09 15:00:00+00:00,0.629,0.42160000000000003
2025-08-09 16:00:00+00:00,0.702,0.48390000000000005
2025-08-09 17:00:00+00:00,0.752,0.539
2025-08-09 18:00:00+00:00,0.796,0.5795999999999999
2025-08-09 19:00:00+00:00,0.8459999999999999,0.6081
2025-08-09 20:00:00+00:00,0.889,0.6351
2025-08-09 21:00:00+00:00,0.9109999999999999,0.6559
2025-08-09 22:00:00+00:00,0.897,0.6483000000000001
2025-08-09 23:00:00+00:00,0.8629999999999999,0.5972
2025-08-10 00:00:00+00:00,0.7849999999999999,0.5102
2025-08-10 01:00:00+00:00,0.6719999999999999,0.40199999999999997
2025-08-10 02:00:00+00:00,0.5469999999999999,0.2827
2025-08-10 03:00:00+00:00,0.45099999999999996,0.1621
2025-08-10 04:00:00+00:00,0.335,0.0513
2025-08-10 05:00:00+00:00,0.225,-0.0465
2025-08-10 06:00:00+00:00,0.146,-0.1309
2025-08-10 07:00:00+00:00,0.122,-0.1869
2025-08-10 08:00:00+00:00,0.11200000000000002,-0.1889
2025-08-10 09:00:00+00:00,0.187,-0.1313
2025-08-10 10:00:00+00:00,0.302,-0.0361
2025-08-10 11:00:00+00:00,0.42000000000000004,0.068
2025-08-10 12:00:00+00:00,0.562,0.1671
2025-08-10 13:00:00+00:00,0.6719999999999999,0.255
2025-08-10 14:00:00+00:00,0.702,0.3269
2025-08-10 15:00:00+00:00,0.777,0.38530000000000003
2025-08-10 16:00:00+00:00,0.8240000000000001,0.4383
2025-08-10 17:00:00+00:00,0.868,0.48390000000000005
2025-08-10 18:00:00+00:00,0.931,0.5139
2025-08-10 19:00:00+00:00,0.998,0.5326000000000001
2025-08-10 20:00:00+00:00,1.0530000000000002,0.5568000000000001
2025-08-10 21:00:00+00:00,1.1,0.5896999999999999
2025-08-10 22:00:00+00:00,1.1489999999999998,0.6113999999999999
2025-08-10 23:00:00+00:00,1.168,0.601
2025-08-11 00:00:00+00:00,1.166,0.5561
2025-08-11 01:00:00+00:00,1.114,0.48250000000000004
2025-08-11 02:00:00+00:00,1.003,0.3879
2025-08-11 03:00:00+00:00,0.905,0.2869
2025-08-11 04:00:00+00:00,0.8039999999999999,0.1937
2025-08-11 05:00:00+00:00,0.7,0.11040000000000001
2025-08-11 06:00:00+00:00,0.598,0.0304
2025-08-11 07:00:00+00:00,0.543,-0.0369
2025-08-11 08:00:00+00:00,0.508,-0.06570000000000001
2025-08-11 09:00:00+00:00,0.532,-0.0412
2025-08-11 10:00:00+00:00,0.587,0.0236
2025-08-11 11:00:00+00:00,0.675,0.1062
2025-08-11 12:00:00+00:00,0.788,0.19039999999999999
2025-08-11 13:00:00+00:00,0.883,0.2645
2025-08-11 14:00:00+00:00,0.938,0.3194
2025-08-11 15:00:00+00:00,0.974,0.3589
2025-08-11 16:00:00+00:00,0.982,0.3934
2025-08-11 17:00:00+00:00,0.986,0.4232
2025-08-11 18:00:00+00:00,1.0210000000000001,0.4375
2025-08-11 19:00:00+00:00,1.04,0.43949999999999995
2025-08-11 20:00:00+00:00,1.067,0.44880000000000003
2025-08-11 21:00:00+00:00,1.0870000000000002,0.47619999999999996
2025-08-11 22:00:00+00:00,1.142,0.5107
2025-08-11 23:00:00+00:00,1.148,0.5337000000000001
2025-08-12 00:00:00+00:00,1.1629999999999998,0.5357000000000001
2025-08-12 01:00:00+00:00,1.156,0.5112
2025-08-12 02:00:00+00:00,1.102,0.45919999999999994
2025-08-12 03:00:00+00:00,1.026,0.3916
2025-08-12 04:00:00+00:00,0.9269999999999999,0.3264
2025-08-12 05:00:00+00:00,0.8150000000000001,0.2685
2025-08-12 06:00:00+00:00,0.705,0.2083
2025-08-12 07:00:00+00:00,0.612,0.1478
2025-08-12 08:00:00+00:00,0.563,0.1079
2025-08-12 09:00:00+00:00,0.535,0.1055
2025-08-12 10:00:00+00:00,0.555,0.1375
2025-08-12 11:00:00+00:00,0.615,0.19019999999999998
2025-08-12 12:00:00+00:00,0.673,0.2517
2025-08-12 13:00:00+00:00,0.715,0.30670000000000003
2025-08-12 14:00:00+00:00,0.767,0.34130000000000005
2025-08-12 15:00:00+00:00,0.791,0.3565
2025-08-12 16:00:00+00:00,0.78,0.366
2025-08-12 17:00:00+00:00,0.774,0.3729
2025-08-12 18:00:00+00:00,0.754,0.36760000000000004
2025-08-12 19:00:00+00:00,0.714,0.35019999999999996
2025-08-12 20:00:00+00:00,0.705,0.3383
2025-08-12 21:00:00+00:00,0.729,0.3468
2025-08-12 22:00:00+00:00,0.785,0.37370000000000003
2025-08-12 23:00:00+00:00,0.798,0.40969999999999995
2025-08-13 00:00:00+00:00,0.8859999999999999,0.44699999999999995
2025-08-13 01:00:00+00:00,0.9369999999999999,0.4723
2025-08-13 02:00:00+00:00,0.9390000000000001,0.4732
2025-08-13 03:00:00+00:00,0.96,0.4521
2025-08-13 04:00:00+00:00,0.9339999999999999,0.4258
2025-08-13 05:00:00+00:00,0.869,0.40120000000000006
2025-08-13 06:00:00+00:00,0.79,0.3707
2025-08-13 07:00:00+00:00,0.718,0.3322
2025-08-13 08:00:00+00:00,0.653,0.3
2025-08-13 09:00:00+00:00,0.606,0.2868
2025-08-13 10:00:00+00:00,0.593,0.2933
2025-08-13 11:00:00+00:00,0.624,0.3151
2025-08-13 12:00:00+00:00,0.634,0.3493
2025-08-13 13:00:00+00:00,0.66,0.3826
2025-08-13 14:00:00+00:00,0.7030000000000001,0.39730000000000004
2025-08-13 15:00:00+00:00,0.703,0.39
2025-08-13 16:00:00+00:00,0.6809999999999999,0.3727
2025-08-13 17:00:00+00:00,0.664,0.3524
2025-08-13 18:00:00+00:00,0.592,0.3236
2025-08-13 19:00:00+00:00,0.545,0.2852
2025-08-13 20:00:00+00:00,0.515,0.2516
2025-08-13 21:00:00+00:00,0.516,0.23570000000000002
2025-08-13 22:00:00+00:00,0.512,0.23969999999999997
2025-08-13 23:00:00+00:00,0.556,0.2641
2025-08-14 00:00:00+00:00,0.626,0.3111
2025-08-14 01:00:00+00:00,0.697,0.3691
2025-08-14 02:00:00+00:00,0.767,0.41769999999999996
2025-08-14 03:00:00+00:00,0.8109999999999999,0.44830000000000003
2025-08-14 04:00:00+00:00,0.8220000000000001,0.46849999999999997
2025-08-14 05:00:00+00:00,0.8230000000000001,0.4835
2025-08-14 06:00:00+00:00,0.791,0.4875
2025-08-14 07:00:00+00:00,0.751,0.47969999999999996
2025-08-14 08:00:00+00:00,0.694,0.4699
2025-08-14 09:00:00+00:00,0.64,0.465
2025-08-14 10:00:00+00:00,0.596,0.46270000000000006
2025-08-14 11:00:00+00:00,0.589,0.46349999999999997
2025-08-14 12:00:00+00:00,0.576,0.4728
2025-08-14 13:00:00+00:00,0.578,0.4852
2025-08-14 14:00:00+00:00,0.561,0.48339999999999994
2025-08-14 15:00:00+00:00,0.545,0.45990000000000003
2025-08-14 16:00:00+00:00,0.496,0.42279999999999995
2025-08-14 17:00:00+00:00,0.425,0.3786
2025-08-14 18:00:00+00:00,0.359,0.32480000000000003
2025-08-14 19:00:00+00:00,0.312,0.2644
2025-08-14 20:00:00+00:00,0.244,0.2101
2025-08-14 21:00:00+00:00,0.205,0.1703
2025-08-14 22:00:00+00:00,0.192,0.14529999999999998
2025-08-14 23:00:00+00:00,0.21400000000000002,0.14079999999999998
2025-08-15 00:00:00+00:00,0.304,0.16899999999999998
2025-08-15 01:00:00+00:00,0.38499999999999995,0.229
2025-08-15 02:00:00+00:00,0.504,0.3023
2025-08-15 03:00:00+00:00,0.5860000000000001,0.3734
2025-08-15 04:00:00+00:00,0.673,0.4394
2025-08-15 05:00:00+00:00,0.741,0.4967
2025-08-15 06:00:00+00:00,0.8779999999999999,0.5375
2025-08-15 07:00:00+00:00,0.876,0.5623
2025-08-15 08:00:00+00:00,0.9099999999999999,0.582
2025-08-15 09:00:00+00:00,0.9549999999999998,0.6001
2025-08-15 10:00:00+00:00,1.0,0.6086
2025-08-15 11:00:00+00:00,1.027,0.606
2025-08-15 12:00:00+00:00,1.0450000000000002,0.6024999999999999
2025-08-15 13:00:00+00:00,1.108,0.6001
2025-08-15 14:00:00+00:00,1.07,0.5875
2025-08-15 15:00:00+00:00,1.056,0.5566
2025-08-15 16:00:00+00:00,0.983,0.5115999999999999
2025-08-15 17:00:00+00:00,0.952,0.454
2025-08-15 18:00:00+00:00,0.775,0.3823
2025-08-15 19:00:00+00:00,0.713,0.3016
2025-08-15 20:00:00+00:00,0.587,0.22749999999999998
2025-08-15 21:00:00+00:00,0.501,0.1668
2025-08-15 22:00:00+00:00,0.449,0.1149
2025-08-15 23:00:00+00:00,0.386,0.0757
2025-08-16 00:00:00+00:00,0.37,0.0665
2025-08-16 01:00:00+00:00,0.341,0.0977
2025-08-16 02:00:00+00:00,0.41100000000000003,0.16099999999999998
2025-08-16 03:00:00+00:00,0.53,0.2451
2025-08-16 04:00:00+00:00,0.632,0.3408
2025-08-16 05:00:00+00:00,0.739,0.43470000000000003
2025-08-16 06:00:00+00:00,0.829,0.5108
2025-08-16 07:00:00+00:00,0.8790000000000001,0.5673999999999999
2025-08-16 08:00:00+00:00,0.9629999999999999,0.6169
2025-08-16 09:00:00+00:00,1.0,0.6633
2025-08-16 10:00:00+00:00,1.03,0.6958
2025-08-16 11:00:00+00:00,1.0290000000000001,0.7089
2025-08-16 12:00:00+00:00,1.074,0.7102999999999999
2025-08-16 13:00:00+00:00,1.106,0.7058
2025-08-16 14:00:00+00:00,1.0450000000000002,0.6910000000000001
2025-08-16 15:00:00+00:00,0.994,0.6619
2025-08-16 16:00:00+00:00,0.9279999999999999,0.6212
2025-08-16 17:00:00+00:00,0.8459999999999999,0.5660000000000001
2025-08-16 18:00:00+00:00,0.768,0.4897
2025-08-16 19:00:00+00:00,0.64,0.39740000000000003
2025-08-16 20:00:00+00:00,0.5589999999999999,0.30779999999999996
2025-08-16 21:00:00+00:00,0.46399999999999997,0.2291
2025-08-16 22:00:00+00:00,0.384,0.1551
2025-08-16 23:00:00+00:00,0.32999999999999996,0.0848
2025-08-17 00:00:00+00:00,0.273,0.033600000000000005
2025-08-17 01:00:00+00:00,0.24300000000000002,0.0174
2025-08-17 02:00:00+00:00,0.26,0.0405
2025-08-17 03:00:00+00:00,0.331,0.1022
2025-08-17 04:00:00+00:00,0.429,0.1981
2025-08-17 05:00:00+00:00,0.558,0.3108
2025-08-17 06:00:00+00:00,0.6759999999999999,0.41390000000000005
2025-08-17 07:00:00+00:00,0.781,0.4983000000000001
2025-08-17 08:00:00+00:00,0.869,0.5737
2025-08-17 09:00:00+00:00,0.9279999999999999,0.6462
2025-08-17 10:00:00+00:00,0.984,0.7062999999999999
2025-08-17 11:00:00+00:00,1.032,0.7461
2025-08-17 12:00:00+00:00,1.065,0.769
2025-08-17 13:00:00+00:00,1.0850000000000002,0.7786000000000001
2025-08-17 14:00:00+00:00,1.082,0.773
2025-08-17 15:00:00+00:00,1.048,0.754
2025-08-17 16:00:00+00:00,1.011,0.727
2025-08-17 17:00:00+00:00,0.9390000000000001,0.6877
2025-08-17 18:00:00+00:00,0.835,0.6231
2025-08-17 19:00:00+00:00,0.738,0.5346
2025-08-17 20:00:00+00:00,0.62,0.43899999999999995
2025-08-17 21:00:00+00:00,0.533,0.348
2025-08-17 22:00:00+00:00,0.409,0.2573
2025-08-17 23:00:00+00:00,0.32999999999999996,0.1635
2025-08-18 00:00:00+00:00,0.21800000000000003,0.0777
2025-08-18 01:00:00+00:00,0.14200000000000002,0.013500000000000002
2025-08-18 02:00:00+00:00,0.127,-0.0195
2025-08-18 03:00:00+00:00,0.128,-0.0087
2025-08-18 04:00:00+00:00,0.203,0.054400000000000004
2025-08-18 05:00:00+00:00,0.331,0.1571
2025-08-18 06:00:00+00:00,0.433,0.2699
2025-08-18 07:00:00+00:00,0.568,0.3735
2025-08-18 08:00:00+00:00,0.701,0.47000000000000003
2025-08-18 09:00:00+00:00,0.781,0.5631
2025-08-18 10:00:00+00:00,0.885,0.6456999999999999
2025-08-18 11:00:00+00:00,0.9730000000000001,0.7121999999999999
2025-08-18 12:00:00+00:00,1.051,0.7638
2025-08-18 13:00:00+00:00,1.0870000000000002,0.7998000000000001
2025-08-18 14:00:00+00:00,1.1309999999999998,0.8154
2025-08-18 15:00:00+00:00,1.106,0.8139
2025-08-18 16:00:00+00:00,1.0850000000000002,0.806
2025-08-18 17:00:00+00:00,1.017,0.7897000000000001
2025-08-18 18:00:00+00:00,0.975,0.7498
2025-08-18 19:00:00+00:00,0.882,0.6806
2025-08-18 20:00:00+00:00,0.7769999999999999,0.5944
2025-08-18 21:00:00+00:00,0.6639999999999999,0.5015000000000001
2025-08-18 22:00:00+00:00,0.557,0.4008
2025-08-18 23:00:00+00:00,0.43,0.29159999999999997
2025-08-19 00:00:00+00:00,0.316,0.1823
2025-08-19 01:00:00+00:00,0.23500000000000001,0.0816
2025-08-19 02:00:00+00:00,0.149,-0.0024000000000000002
2025-08-19 03:00:00+00:00,0.11200000000000002,-0.0522
2025-08-19 04:00:00+00:00,0.099,-0.045700000000000005
2025-08-19 05:00:00+00:00,0.161,0.018099999999999998
2025-08-19 06:00:00+00:00,0.258,0.1155
2025-08-19 07:00:00+00:00,0.39899999999999997,0.2231
2025-08-19 08:00:00+00:00,0.544,0.3332
2025-08-19 09:00:00+00:00,0.649,0.44089999999999996
2025-08-19 10:00:00+00:00,0.756,0.5389
2025-08-19 11:00:00+00:00,0.8370000000000001,0.6237999999999999
2025-08-19 12:00:00+00:00,0.958,0.7
2025-08-19 13:00:00+00:00,1.0070000000000001,0.7646
2025-08-19 14:00:00+00:00,1.019,0.8076000000000001
2025-08-19 15:00:00+00:00,1.068,0.8296999999999999
2025-08-19 16:00:00+00:00,1.06,0.8431
2025-08-19 17:00:00+00:00,1.032,0.8501999999999998
2025-08-19 18:00:00+00:00,1.152,0.8382999999999999
2025-08-19 19:00:00+00:00,1.083,0.7988000000000001
2025-08-19 20:00:00+00:00,0.8710000000000001,0.7367
2025-08-19 21:00:00+00:00,0.8160000000000001,0.6566
2025-08-19 22:00:00+00:00,0.712,0.557
2025-08-19 23:00:00+00:00,0.58,0.4408
2025-08-20 00:00:00+00:00,0.42400000000000004,0.3191
2025-08-20 01:00:00+00:00,0.328,0.198
2025-08-20 02:00:00+00:00,0.21800000000000003,0.08020000000000001
2025-08-20 03:00:00+00:00,0.119,-0.0194
2025-08-20 04:00:00+00:00,0.06,-0.0731
2025-08-20 05:00:00+00:00,0.099,-0.0658
2025-08-20 06:00:00+00:00,0.199,-0.0077
2025-08-20 07:00:00+00:00,0.311,0.0834
2025-08-20 08:00:00+00:00,0.45199999999999996,0.1948
2025-08-20 09:00:00+00:00,0.584,0.312
2025-08-20 10:00:00+00:00,0.734,0.4187
2025-08-20 11:00:00+00:00,0.8099999999999999,0.5125
2025-08-20 12:00:00+00:00,0.889,0.6012
2025-08-20 13:00:00+00:00,0.946,0.6854
2025-08-20 14:00:00+00:00,1.006,0.7529
2025-08-20 15:00:00+00:00,1.0610000000000002,0.7993
2025-08-20 16:00:00+00:00,1.1199999999999999,0.8331
2025-08-20 17:00:00+00:00,1.097,0.8595
2025-08-20 18:00:00+00:00,1.116,0.8711
2025-08-20 19:00:00+00:00,1.075,0.8612
2025-08-20 20:00:00+00:00,1.08,0.8310000000000001
2025-08-20 21:00:00+00:00,0.992,0.7776
2025-08-20 22:00:00+00:00,0.9019999999999999,0.6937
2025-08-20 23:00:00+00:00,0.775,0.5821
2025-08-21 00:00:00+00:00,0.643,0.45810000000000006
2025-08-21 01:00:00+00:00,0.544,0.3307
2025-08-21 02:00:00+00:00,0.41500000000000004,0.199
2025-08-21 03:00:00+00:00,0.309,0.0715
2025-08-21 04:00:00+00:00,0.221,-0.0263
2025-08-21 05:00:00+00:00,0.187,-0.0737
2025-08-21 06:00:00+00:00,0.178,-0.0674
2025-08-21 07:00:00+00:00,0.284,-0.011199999999999998
2025-08-21 08:00:00+00:00,0.391,0.0856
2025-08-21 09:00:00+00:00,0.526,0.20259999999999997
2025-08-21 10:00:00+00:00,0.6439999999999999,0.3141
2025-08-21 11:00:00+00:00,0.769,0.4095
2025-08-21 12:00:00+00:00,0.835,0.4995
2025-08-21 13:00:00+00:00,0.8939999999999999,0.5885
2025-08-21 14:00:00+00:00,0.9710000000000001,0.6679999999999999
2025-08-21 15:00:00+00:00,1.002,0.7306999999999999
2025-08-21 16:00:00+00:00,1.01,0.7806
2025-08-21 17:00:00+00:00,1.024,0.8204
2025-08-21 18:00:00+00:00,1.0230000000000001,0.8464
2025-08-21 19:00:00+00:00,1.036,0.8573999999999999
2025-08-21 20:00:00+00:00,1.026,0.8567
2025-08-21 21:00:00+00:00,0.994,0.8365
2025-08-21 22:00:00+00:00,0.849,0.7814
2025-08-21 23:00:00+00:00,0.702,0.6886
2025-08-22 00:00:00+00:00,0.675,0.5744
2025-08-22 01:00:00+00:00,0.526,0.4518
2025-08-22 02:00:00+00:00,0.45899999999999996,0.3221
2025-08-22 03:00:00+00:00,0.317,0.1898
2025-08-22 04:00:00+00:00,0.23700000000000002,0.0727
2025-08-22 05:00:00+00:00,0.213,-0.010899999999999998
2025-08-22 06:00:00+00:00,0.18,-0.0508
2025-08-22 07:00:00+00:00,0.185,-0.0385
2025-08-22 08:00:00+00:00,0.264,0.0288
2025-08-22 09:00:00+00:00,0.394,0.1336
2025-08-22 10:00:00+00:00,0.481,0.24289999999999998
2025-08-22 11:00:00+00:00,0.587,0.3366
2025-08-22 12:00:00+00:00,0.705,0.4202
2025-08-22 13:00:00+00:00,0.787,0.5013
2025-08-22 14:00:00+00:00,0.843,0.5769
2025-08-22 15:00:00+00:00,0.9339999999999999,0.6425
2025-08-22 16:00:00+00:00,0.9949999999999999,0.6989
2025-08-22 17:00:00+00:00,0.999,0.7448
2025-08-22 18:00:00+00:00,1.026,0.7756000000000001
2025-08-22 19:00:00+00:00,1.0530000000000002,0.7952
2025-08-22 20:00:00+00:00,1.092,0.8129
2025-08-22 21:00:00+00:00,1.1030000000000002,0.8221
2025-08-22 22:00:00+00:00,1.043,0.8018000000000001
2025-08-22 23:00:00+00:00,1.0130000000000001,0.7407
2025-08-23 00:00:00+00:00,0.9,0.6496999999999999
2025-08-23 01:00:00+00:00,0.842,0.5434
2025-08-23 02:00:00+00:00,0.73,0.42679999999999996
2025-08-23 03:00:00+00:00,0.595,0.3056
2025-08-23 04:00:00+00:00,0.502,0.1927
2025-08-23 05:00:00+00:00,0.396,0.0983
2025-08-23 06:00:00+00:00,0.388,0.0305
2025-08-23 07:00:00+00:00,0.339,0.0045
2025-08-23 08:00:00+00:00,0.371,0.0358
2025-08-23 09:00:00+00:00,0.383,0.11610000000000001
2025-08-23 10:00:00+00:00,0.46799999999999997,0.2137
2025-08-23 11:00:00+00:00,0.5820000000000001,0.3016
2025-08-23 12:00:00+00:00,0.6599999999999999,0.3761
2025-08-23 13:00:00+00:00,0.744,0.4424
2025-08-23 14:00:00+00:00,0.774,0.5017
2025-08-23 15:00:00+00:00,0.819,0.5551
2025-08-23 16:00:00+00:00,0.859,0.6053
2025-08-23 17:00:00+00:00,0.8790000000000001,0.6487
2025-08-23 18:00:00+00:00,0.9410000000000001,0.6764
2025-08-23 19:00:00+00:00,0.961,0.6937
2025-08-23 20:00:00+00:00,1.022,0.7161
2025-08-23 21:00:00+00:00,1.034,0.743
2025-08-23 22:00:00+00:00,1.0690000000000002,0.7535999999999999
2025-08-23 23:00:00+00:00,1.018,0.7297
2025-08-24 00:00:00+00:00,0.976,0.6738000000000001
2025-08-24 01:00:00+00:00,0.8869999999999999,0.5959
2025-08-24 02:00:00+00:00,0.787,0.5025000000000001
2025-08-24 03:00:00+00:00,0.6639999999999999,0.4021
2025-08-24 04:00:00+00:00,0.5820000000000001,0.30710000000000004
2025-08-24 05:00:00+00:00,0.508,0.2231
2025-08-24 06:00:00+00:00,0.46900000000000003,0.15
2025-08-24 07:00:00+00:00,0.391,0.10229999999999999
2025-08-24 08:00:00+00:00,0.389,0.10169999999999998
2025-08-24 09:00:00+00:00,0.40700000000000003,0.152
2025-08-24 10:00:00+00:00,0.453,0.2279
2025-08-24 11:00:00+00:00,0.539,0.30310000000000004
2025-08-24 12:00:00+00:00,0.611,0.36629999999999996
2025-08-24 13:00:00+00:00,0.689,0.41669999999999996
2025-08-24 14:00:00+00:00,0.715,0.4545
2025-08-24 15:00:00+00:00,0.757,0.4857
2025-08-24 16:00:00+00:00,0.841,0.5183
2025-08-24 17:00:00+00:00,0.8459999999999999,0.5493
2025-08-24 18:00:00+00:00,0.884,0.5670999999999999
2025-08-24 19:00:00+00:00,0.882,0.5751
2025-08-24 20:00:00+00:00,0.992,0.5912999999999999
2025-08-24 21:00:00+00:00,0.9640000000000001,0.6224000000000001
2025-08-24 22:00:00+00:00,1.01,0.6519
2025-08-24 23:00:00+00:00,1.056,0.6609
2025-08-25 00:00:00+00:00,1.03,0.6452
2025-08-25 01:00:00+00:00,1.033,0.6056
2025-08-25 02:00:00+00:00,0.9730000000000001,0.5443
2025-08-25 03:00:00+00:00,0.8640000000000001,0.4718
2025-08-25 04:00:00+00:00,0.774,0.4022
2025-08-25 05:00:00+00:00,0.701,0.3395
2025-08-25 06:00:00+00:00,0.629,0.2785
2025-08-25 07:00:00+00:00,0.554,0.22749999999999998
2025-08-25 08:00:00+00:00,0.546,0.2089
2025-08-25 09:00:00+00:00,0.563,0.2318
2025-08-25 10:00:00+00:00,0.621,0.2813
2025-08-25 11:00:00+00:00,0.664,0.3359
2025-08-25 12:00:00+00:00,0.713,0.3839
2025-08-25 13:00:00+00:00,0.767,0.4184
2025-08-25 14:00:00+00:00,0.834,0.4354
2025-08-25 15:00:00+00:00,0.834,0.44210000000000005
2025-08-25 16:00:00+00:00,0.8300000000000001,0.4509
2025-08-25 17:00:00+00:00,0.8099999999999999,0.46230000000000004
2025-08-25 18:00:00+00:00,0.828,0.46509999999999996
2025-08-25 19:00:00+00:00,0.749,0.4596
2025-08-25 20:00:00+00:00,0.784,0.46370000000000006
2025-08-25 21:00:00+00:00,0.786,0.48769999999999997
2025-08-25 22:00:00+00:00,0.829,0.522
2025-08-25 23:00:00+00:00,0.874,0.5524
2025-08-26 00:00:00+00:00,0.907,0.5715
2025-08-26 01:00:00+00:00,0.9040000000000001,0.573
2025-08-26 02:00:00+00:00,0.909,0.5514
2025-08-26 03:00:00+00:00,0.892,0.5129
2025-08-26 04:00:00+00:00,0.8400000000000001,0.4727
2025-08-26 05:00:00+00:00,0.772,0.43550000000000005
2025-08-26 06:00:00+00:00,0.712,0.3948
2025-08-26 07:00:00+00:00,0.621,0.354
2025-08-26 08:00:00+00:00,0.581,0.33070000000000005
2025-08-26 09:00:00+00:00,0.573,0.3367
2025-08-26 10:00:00+00:00,0.611,0.3625
2025-08-26 11:00:00+00:00,0.634,0.39390000000000003
2025-08-26 12:00:00+00:00,0.6679999999999999,0.4225
2025-08-26 13:00:00+00:00,0.689,0.4404
2025-08-26 14:00:00+00:00,0.677,0.43920000000000003
2025-08-26 15:00:00+00:00,0.657,0.42400000000000004
2025-08-26 16:00:00+00:00,0.608,0.40919999999999995
2025-08-26 17:00:00+00:00,0.52,0.3992
2025-08-26 18:00:00+00:00,0.514,0.3839
2025-08-26 19:00:00+00:00,0.46399999999999997,0.3637
2025-08-26 20:00:00+00:00,0.41600000000000004,0.3534
2025-08-26 21:00:00+00:00,0.46699999999999997,0.36419999999999997
2025-08-26 22:00:00+00:00,0.476,0.3916
2025-08-26 23:00:00+00:00,0.563,0.4281
2025-08-27 00:00:00+00:00,0.629,0.4686
2025-08-27 01:00:00+00:00,0.703,0.5045
2025-08-27 02:00:00+00:00,0.736,0.5227999999999999
2025-08-27 03:00:00+00:00,0.779,0.5227
2025-08-27 04:00:00+00:00,0.817,0.5152
2025-08-27 05:00:00+00:00,0.837,0.5055
2025-08-27 06:00:00+00:00,0.818,0.4869
2025-08-27 07:00:00+00:00,0.8150000000000001,0.4615
2025-08-27 08:00:00+00:00,0.779,0.4445
2025-08-27 09:00:00+00:00,0.785,0.445
2025-08-27 10:00:00+00:00,0.793,0.4556
2025-08-27 11:00:00+00:00,0.781,0.46719999999999995
2025-08-27 12:00:00+00:00,0.8099999999999999,0.4765
2025-08-27 13:00:00+00:00,0.813,0.4774
2025-08-27 14:00:00+00:00,0.798,0.46080000000000004
2025-08-27 15:00:00+00:00,0.731,0.42829999999999996
2025-08-27 16:00:00+00:00,0.649,0.3947
2025-08-27 17:00:00+00:00,0.5660000000000001,0.3655
2025-08-27 18:00:00+00:00,0.524,0.3338
2025-08-27 19:00:00+00:00,0.502,0.299
2025-08-27 20:00:00+00:00,0.434,0.2742
2025-08-27 21:00:00+00:00,0.396,0.26990000000000003
2025-08-27 22:00:00+00:00,0.417,0.2834
2025-08-27 23:00:00+00:00,0.47000000000000003,0.31189999999999996
2025-08-28 00:00:00+00:00,0.569,0.3572
2025-08-28 01:00:00+00:00,0.625,0.4126
2025-08-28 02:00:00+00:00,0.6950000000000001,0.462
2025-08-28 03:00:00+00:00,0.798,0.49770000000000003
2025-08-28 04:00:00+00:00,0.875,0.5248
2025-08-28 05:00:00+00:00,0.923,0.5441
2025-08-28 06:00:00+00:00,0.943,0.5489
2025-08-28 07:00:00+00:00,0.968,0.5405
2025-08-28 08:00:00+00:00,0.999,0.5345000000000001
2025-08-28 09:00:00+00:00,1.018,0.5378000000000001
2025-08-28 10:00:00+00:00,1.0310000000000001,0.5432
2025-08-28 11:00:00+00:00,1.0450000000000002,0.5438000000000001
2025-08-28 12:00:00+00:00,1.0470000000000002,0.5396000000000001
2025-08-28 13:00:00+00:00,1.052,0.5274
2025-08-28 14:00:00+00:00,1.0050000000000001,0.4984
2025-08-28 15:00:00+00:00,0.9390000000000001,0.45389999999999997
2025-08-28 16:00:00+00:00,0.8789999999999999,0.40730000000000005
2025-08-28 17:00:00+00:00,0.8009999999999999,0.36419999999999997
2025-08-28 18:00:00+00:00,0.747,0.319
2025-08-28 19:00:00+00:00,0.6719999999999999,0.272
2025-08-28 20:00:00+00:00,0.593,0.23500000000000001
2025-08-28 21:00:00+00:00,0.55,0.21600000000000003
2025-08-28 22:00:00+00:00,0.543,0.21189999999999998
2025-08-28 23:00:00+00:00,0.562,0.2234
2025-08-29 00:00:00+00:00,0.618,0.2577
2025-08-29 01:00:00+00:00,0.675,0.3137
2025-08-29 02:00:00+00:00,0.749,0.3775
2025-08-29 03:00:00+00:00,0.834,0.43879999999999997
2025-08-29 04:00:00+00:00,0.8870000000000001,0.49640000000000006
2025-08-29 05:00:00+00:00,0.951,0.5453
2025-08-29 06:00:00+00:00,0.991,0.575
2025-08-29 07:00:00+00:00,1.03,0.5858
2025-08-29 08:00:00+00:00,1.042,0.5927
2025-08-29 09:00:00+00:00,1.062,0.6038
2025-08-29 10:00:00+00:00,1.0390000000000001,0.612
2025-08-29 11:00:00+00:00,1.034,0.6112
2025-08-29 12:00:00+00:00,1.028,0.6031
2025-08-29 13:00:00+00:00,1.008,0.5859
2025-08-29 14:00:00+00:00,0.961,0.5514
2025-08-29 15:00:00+00:00,0.889,0.5009
2025-08-29 16:00:00+00:00,0.8400000000000001,0.44699999999999995
2025-08-29 17:00:00+00:00,0.771,0.3955
2025-08-29 18:00:00+00:00,0.701,0.3416
2025-08-29 19:00:00+00:00,0.619,0.2854
2025-08-29 20:00:00+00:00,0.545,0.2384
2025-08-29 21:00:00+00:00,0.5,0.2065
2025-08-29 22:00:00+00:00,0.44400000000000006,0.18460000000000001
2025-08-29 23:00:00+00:00,0.43499999999999994,0.1739
2025-08-30 00:00:00+00:00,0.442,0.1857
2025-08-30 01:00:00+00:00,0.471,0.22490000000000002
2025-08-30 02:00:00+00:00,0.5660000000000001,0.2833
2025-08-30 03:00:00+00:00,0.636,0.3528
2025-08-30 04:00:00+00:00,0.719,0.43010000000000004
2025-08-30 05:00:00+00:00,0.8019999999999999,0.5048
2025-08-30 06:00:00+00:00,0.875,0.5602
2025-08-30 07:00:00+00:00,0.938,0.5928
2025-08-30 08:00:00+00:00,0.9810000000000001,0.616
2025-08-30 09:00:00+00:00,1.0210000000000001,0.6385
2025-08-30 10:00:00+00:00,1.065,0.6545
2025-08-30 11:00:00+00:00,1.0790000000000002,0.6598
2025-08-30 12:00:00+00:00,1.091,0.6572
2025-08-30 13:00:00+00:00,1.068,0.6452
2025-08-30 14:00:00+00:00,1.0210000000000001,0.6152
2025-08-30 15:00:00+00:00,1.008,0.5675
2025-08-30 16:00:00+00:00,1.01,0.5135
2025-08-30 17:00:00+00:00,1.01,0.45940000000000003
2025-08-30 18:00:00+00:00,1.01,0.4004
2025-08-30 19:00:00+00:00,1.01,0.3379
2025-08-30 20:00:00+00:00,1.01,0.2832
2025-08-30 21:00:00+00:00,1.01,0.24020000000000002
2025-08-30 22:00:00+00:00,1.01,0.20190000000000002
2025-08-30 23:00:00+00:00,1.01,0.1678
